variable,Total Government IHA
2000,6680.22096
2001,7768.886451
2002,7458.6611
2003,9413.23155
2004,9708.677389
2005,12982.32256
2006,12064.57567
2007,11262.59213
2008,14689.99276
2009,13957.54572
2010,14820.63079
2011,15601.09326
2012,14050.87762
2013,16262.93285
2014,20397.80719
2015,21872.43118
2016,24404.88523
2017,25165.58203
2018,27006.85598
2019,26519.03684
2020,26545.9797
2021,27407.41581
